name,description,icon,longitude,latitude,altitude
Acre,"Cantiga: Pero non fui a Ultramar
Autor: Martin Soarez",escarnho,"35,0829","32,94",
Alamanha,"Cantiga: Joan Rodriguiz foi esmar a Balteira
Autor: Alfonso X o Sabio",escarnho-preto,"13,393551","52,516318",
Alanquer,"Cantiga: Meu senhor, se vus aprouguer
Autor: Roi Paez de Ribela",escarnho,"-5,98","37,4",
Alcalá,"Cantiga: Don Gonalo, pois queredes ir daqui pera Sevilha
Autor: Alfonso X o Sabio",escarnho,"-5,840678","37,340669",
Alcor,"Cantiga: Paai Rengel e outros dous romeus
Autor: Afons' Eanes do Coton",escarnho,"-4,66334",42,
Alfanx',"Cantiga: Pero eu vejo aqui trobadores
Autor: Anónimo",amor,"-8,6749","39,2304",
Alfanx',"Cantiga: A mais fremosa de quantas vejo
Autor: Anónimo",amor,"-8,66","39,2304",
Alhariz,"Cantiga: Vós, Don Josep, venho eu preguntar
Autor: Estevan da Guarda",escarnho,"-7,803399","42,19029",
Alvam,"Topónimo actual: Albán
Cantiga: Enmentar quer' eu do brial
Autor: Lopo Lias",escarnho,"-7,8563","42,4",
Alvan,"Topónimo actual: Albán
Cantiga: O infanon ouv' atal
Autor: Lopo Lias",escarnho,"-7,8563","42,4284",
Amarante,"Cantiga: Don Estêvan fezo sa partiçon
Autor: Johan Soarez Coelho",escarnho,"-8,0828","41,2719",
Andaluzia,"Cantiga: O muy bon Rey, que conquis a fronteyra
Autor: Pero da Ponte",escarnho-preto,"-3,848656","37,407566",
Aragom,"Cantiga: Os namorados que troban d' amor
Autor: Johan, jograr morador en León",menores-preto,"-0,9","41,7432",
Aragon,"Cantiga: O que Balteira ora quer vingar
Autor: Pero Garcia d' Ambroa",escarnho-preto,"-0,70118","41,3856366",
Aragon,"Cantiga: Ora faz ost' o senhor de Navarra
Autor: Johan Soarez de Pávia",escarnho-preto,"-0,8989","41,75",
Aragon,"Cantiga: Don Pedro este cunhado del-Rei
Autor: Fernan Rodriguez Redondo",escarnho-preto,"-0,88","41,76",
Aragon,"Cantiga: Os d' Aragon, que soen donear
Autor: Caldeiron",escarnho-preto,"-0,87","41,75",
Aragón,"Cantiga: Os d' Aragon, que soen donear
Autor: Caldeiron",escarnho-preto,"-0,92","41,7432",
Arangon,"Cantiga: Desfiar enviaron ora de Tudela
Autor: Airas Nunez",escarnho,"-0,8989","41,7432",
Arcos,"Cantiga: Mala ventura mi venha
Autor: Roi Paez de Ribela",amor,"-2,2708","41,2138",
Ardom,"Cantiga: Maestr' Aceno, dereyto faria
Autor: Martin Moxa",escarnho,"-5,5602","42,4362",
Arnado,"Cantiga: Don Estêvan fezo sa partiçon
Autor: Johan Soarez Coelho",escarnho,"-8,41","40,2",
Arouca,"Cantiga: En Arouca űa casa faria,
Autor: Afonso Lopez de Baian",escarnho,"-8,24505","40,933058",
Auguadalquivir,"Cantiga: O genete
Autor: Alfonso X o Sabio",escarnho,"-6,36671","36,853567",
Azevedo,"Cantiga: Ansur Moniz, muit' ouve gran pesar
Autor: Alfonso X o Sabio",escarnho,"-5,116275","43,039389",
Badalhou,"Cantiga: Ben sabedes, senhor Rei
Autor: Gil Perez Conde",escarnho,"-6,973088","38,87984",
Bagüyn,"Cantiga: A dona de Bagüyn
Autor: Lopo Lias",escarnho,"-8,7195","42,3826",
Barcelos,"Cantiga: Se m' ora Deus gran ben fazer quisesse
Autor: Johan Garcia de Guilhade",amor,"-8,6","41,529207",
Basto,"Cantiga: Seiaxi Don Belpelho en ũa sa maison,
Autor: Afonso Lopez de Baian",escarnho,"-7,990937","41,483062",
Beira,"Cantiga: Á lealdade da Bezerra que pela Beira muito anda
Autor: Airas Perez Vuitoron",escarnho,"-7,9","40,663012",
Beira,"Cantiga: Seiaxi Don Belpelho en ũa sa maison,
Autor: Afonso Lopez de Baian",escarnho,"-7,910987","40,663012",
Belen,"Cantiga: Paai Rengel e outros dous romeus
Autor: Afons' Eanes do Coton
Existen varios topónimos con este mesmo nome na Península Ibérica. Percíbase, ademais, o xogo de palabras co Belén palestiniano.",escarnho-duvidoso,"-5,833333","39,466667",
Belenha,"Cantiga: Mala ventura mi venha
Autor: Roi Paez de Ribela",amor,"-3,188","40,9261",
Belfurad',"Cantiga: Pero non fui a Ultramar
Autor: Martin Soarez",escarnho,"-3,1928","42,4194",
Belfurado,"Cantiga: Pero non fui a Ultramar
Autor: Martin Soarez",escarnho,"-3,2","42,4194",
Benavente,"Cantiga: Tercer dia ante Natal
Autor: Lopo Lias",escarnho,"-5,6781","42,0009",
Bizcaya,"Cantiga: A donzela de Bizcaya
Autor: Roi Paez de Ribela",amor,"-2,9833","43,25",
Blandiz,"Cantiga: Paai Rengel e outros dous romeus
Autor: Afons' Eanes do Coton",escarnho,"-7,527943","42,031382",
Bonaval,"Cantiga: Se veess' o meu amigo a Bonaval e me visse
Autor: Bernal de Bonaval",amigo,"-8,54","42,9",
Bonaval,"Cantiga: Rogar vos quer' eu, mha madre e mha senhor
Autor: Bernal de Bonaval",amigo,"-8,53","42,8825",
Bonaval,"Cantiga: Pois mi dizedes, amigo, ca mi queredes vós melhor
Autor: Bernal de Bonaval",amigo,"-8,55","42,8825",
Bonaval,"Cantiga: Diss' a fremosa en Bonaval assy
Autor: Bernal de Bonaval",amigo,"-8,538","42,9",
Bonaval,"Cantiga: A Bonaval quer' eu, mha senhor, hir
Autor: Bernal de Bonaval",amor,"-8,56","42,88",
Bretanha,"Cantiga: Disse hum infante ante sa companha
Autor: Fernand' Esquio",escarnho-preto,"-4,517612","48,332806",
Burgos,"Cantiga: Un dia fui cavalgar
Autor: Pero da Ponte",escarnho,"-3,69","42,34",
Burgos,"Cantiga: Os de Burgos son coitados
Autor: Pero da Ponte",escarnho,"-3,7","42,31",
Burgos,"Cantiga: Quen mh' ora quysesse cruzar
Autor: Pedr' Amigo de Sevilha",escarnho,"-3,7","42,34",
Burgos,"Cantiga: Esta ama cuj'  Joham Coelho
Autor: Fernan Garcia Esgaravunha",escarnho,"-3,7","42,331",
Burgos,"Cantiga: O que da guerra levou cavaleiros
Autor: Alfonso X o Sabio",escarnho,"-3,7","42,3",
Burgos,"Cantiga: As mias jornadas vedes quaes son
Autor: Afons' Eanes do Coton",amor,"-3,6967","42,3481",
Cadalonha,"Cantiga: Os d' Aragon, que soen donear
Autor: Caldeiron",escarnho-preto,"0,439487","2,080946",
Cambrai,"Cantiga: A por que perço o dormir
Autor: Johan Airas, burgués de Santiago",amor,"3,23","50,17",
Cambrai,"Cantiga: Lop' Anaia non se vaia
Autor: Fernan Soarez de Quinhones",escarnho,"3,236817","50,173449",
Campos,"Cantiga: Don Rodrigo moordomo que ben pos al Rei a mesa
Autor: Alfonso X o Sabio",escarnho,"-4,9","42,12",
Campos,"Cantiga: Ansur Moniz, muit' ouve gran pesar
Autor: Alfonso X o Sabio",escarnho,"-4,97","42,1",
Campou,"Cantiga: Ben sabedes, senhor Rei
Autor: Gil Perez Conde",escarnho,"4,262115","42,794049",
Campus,"Cantiga: Non levava nen dinheyro
Autor: Gonçal' Eanes do Vinhal",escarnho,"-4,970547","42,120828",
Carrhon,"Cantiga: Esta ama cuj'  Joham Coelho
Autor: Fernan Garcia Esgaravunha",escarnho,"-4,6","42,3",
Carrion,"Cantiga: Un dia fui cavalgar
Autor: Pero da Ponte",escarnho,"-4,6","42,34",
Carrion,"Cantiga: Noutro dia, en Carrion
Autor: Pero da Ponte",escarnho,"-4,6015","42,35",
Carrion,"Cantiga: Ũa pregunta vos quero fazer
Autor: Pai Gomez Charinho",escarnho,"-4,6","42,35",
Carrion,"Cantiga: As mias jornadas vedes quaes son
Autor: Afons' Eanes do Coton",amor,"-4,5","42,3",
Carron,"Topónimo actual: Carrión de los Condes
Cantiga: Que muyto mi de Fernan Diaz praz
Autor: Pero Garcia Burgalês",escarnho,"-4,6015","42,3395",
Castela,"Cantiga: Par Deus, coitada vivo
Autor: Pero Gonçalvez de Portocarreiro",amigo-preto,"-3,302","42,0358848",
Castela,"Cantiga: O que Balteira ora quer vingar
Autor: Pero Garcia d' Ambroa",escarnho-preto,"-3,3",42,
Castela,"Cantiga: Pois boas donas son desemparadas
Autor: Martin Soarez",escarnho-preto,"-3,302",42,
Castela,"Cantiga:  sa sela muito dura
Autor: Johan Servando",escarnho-preto,"-5,57","42,6",
Castela,"Cantiga: Andei, senhor, Leon e Castela
Autor: Johan Airas, burgués de Santiago",amor-preto,"-5,5669","42,6",
Castela,"Cantiga: Esta ama cuj'  Joham Coelho
Autor: Fernan Garcia Esgaravunha",escarnho-preto,"-5,56","42,61",
Castela,"Cantiga: Desfiar enviaron ora de Tudela
Autor: Airas Nunez",escarnho-preto,"-5,5","42,5",
Castela e León,"Cantiga: De quantas cousas eno mundo son
Autor: Pai Gomez Charinho",escarnho-preto,"-4,4262","41,6605415",
Castro,"Cantiga: As mias jornadas vedes quaes son
Autor: Afons' Eanes do Coton
Existen outras posibilidades para xeoreferenciar este topónimo en Castela.",escarnho-duvidoso,"-5,2294","41,4121",
Catalonha,"Cantiga: O meu amig', amiga, que me gran ben fazia
Autor: Pero Mafaldo",amigo-preto,"1,7458","41,6922484",
Celorico,"Cantiga: Á lealdade da Bezerra que pela Beira muito anda
Autor: Airas Perez Vuitoron",escarnho,"-7,390865","40,631258",
Chartes,"Cantiga: Chegou Paio de maas artes
Autor: Pero Mendiz da Fonseca",escarnho,"1,4858","48,4436",
Cizneiros,"Cantiga: Ansur Moniz, muit' ouve gran pesar
Autor: Alfonso X o Sabio",escarnho,"-4,858424","42,220977",
Coimbra,"Cantiga: Don Estêvan fezo sa partiçon
Autor: Johan Soarez Coelho",escarnho,"-8,407739","40,201272",
Coira,"Cantiga: Pero Coelho  deitado
Autor: Men Rodriguez de Briteiros",escarnho,"-7,7995","42,2176",
Coira,"Cantiga: Pero non fui a Ultramar
Autor: Martin Soarez",escarnho,"-6,5371","39,9877",
Compostela,"Cantiga: Quand' eu hun dia fuy en Compostela
Autor: Pedr' Amigo de Sevilha",amor,"-8,5","42,89",
Conca,"Cantiga: Hun bispo diz aqui, por sy
Autor: Pedr' Amigo de Sevilha",escarnho,"-2,1296","40,0786",
Condado,"Cantiga: Mandei pedir noutro dia
Autor: Pedro de Portugal, Conde de Barcelos",escarnho,"-8,612058","41,529207",
Cornoalha,"Cantiga: Maestre, todo' lus vossos cantares
Autor: Gonçal' Eanes do Vinhal",escarnho-preto,"-4,862001","50,412722",
Coronha,"Cantiga: Ena primeira rua que cheguemos
Autor: Martin Anes Marinho",escarnho,"-8,41268","43,3618742",
Crecente,"Cantiga: Pelo souto de Crecente
Autor: Johan Airas, burgués de Santiago",amigo,"-8,5","42,8",
Crecente,"Cantiga: A por que perço o dormir
Autor: Johan Airas, burgués de Santiago",amor,"-8,555034","42,863657",
Cález,"Cantiga: Ao daian de Clez eu achei
Autor: Alfonso X o Sabio",escarnho,"-6,28899","36,53025",
Dea,"Cantiga: Med' ei ao pertigueiro que ten Dea
Autor: Alfonso X o Sabio",amor,"-8,112614","42,662336",
Doiro,"Cantiga: A por que perço o dormir
Autor: Johan Airas, burgués de Santiago",amor-preto,"-8,65","41,1",
Doiro,"Cantiga: Disse-m' oj' assi un ome
Autor: Estevan da Guarda",escarnho-preto,"-8,625","41,140103",
Doiro,"Cantiga: Pois non ei de Dona Elvira
Autor: Anónimo",amor-preto,"-8,620465","41,140103",
Dorma,"Cantiga: Quand' eu passei per Dorma
Autor: Fernan Paez de Talamancos (Tamalancos)",escarnho,"-8,135054","43,001663",
Eixarês,"Topónimo actual: Jerez de la Frontera
Cantiga: Pedr' Amigo, quero de vs saber
Autor: Vasco Perez Pardal",escarnho,"-6,1166","36,7",
Elvas,"Cantiga: Moyr', e faço dereyto
Autor: Vidal, judeu d' Elvas",amor,"-7,162778","38,88",
Elvas,"Cantiga: Faz-m' agora por ssy morrer
Autor: Vidal, judeu d' Elvas",amor,"-7,16","38,9",
Ensar,"Cantiga: O que me d' Ensar corrudo
Autor: Pero Larouco",amor,"-9,24244","38,99317",
Escobar,"Cantiga: Ansur Moniz, muit' ouve gran pesar
Autor: Alfonso X o Sabio",escarnho,"-4,966233","42,31348",
Espanha,"Cantiga: Ay Pedr' Amigo, vós que vos tẽedes
Autor: Johan Vasquiz de Talaveira",escarnho-preto,"-3,71","40,2",
Espanha,"Cantiga: Pero Fernandiz, home de barnage
Autor: Gonçal' Eanes do Vinhal",escarnho-preto,"-3,7056","40,41",
Espanha,"Cantiga: Jograr, tres cousas avedes mester
Autor: Gil Perez Conde",escarnho-preto,"-3,7056","40,42",
Espanha,"Cantiga: Joan Rodriguiz foi esmar a Balteira
Autor: Alfonso X o Sabio",escarnho-preto,"-3,71","40,4179",
Espanha,"Cantiga: Don Gonalo, pois queredes ir daqui pera Sevilha
Autor: Alfonso X o Sabio",escarnho-preto,"-3,7056","40,4179",
Espanna,"Cantiga: Quantos aqui d' Espanna son
Autor: Pai Soarez de Taveirós",amor-preto,"-3,71","40,2085",
Estela,"Cantiga: Quand' eu hun dia fuy en Compostela
Autor: Pedr' Amigo de Sevilha",amor,"-2,0293","42,6691",
Estela,"Cantiga: Ora faz ost' o senhor de Navarra
Autor: Johan Soarez de Pávia",escarnho,-2,"42,6691",
Estepar,"Cantiga: Ansur Moniz, muit' ouve gran pesar
Autor: Alfonso X o Sabio",escarnho,>-3.898555,"42,27667",
Estorga,"Cantiga: Don Guilhelm' e Don Adan e Don Migueel Carrio
Autor: Fernan Soarez de Quinhones",escarnho,-6,"42,45396",
Estorga,"Cantiga: Fernan Daz  aqui, como vistes
Autor: Airas Perez Vuitoron",escarnho,"-6,049535","42,45396",
Estremadura,"Cantiga: Met' el-rey barcas no rio forte
Autor: Johan Zorro",amor,"-8,999438","39,722706",
Esturas,"Cantiga: Contar-vos-ei costumes e feituras
Autor: Fernan Soarez de Quinhones",escarnho,"-5,85","43,364932",
Esturas,"Cantiga: Don Fernando, vejo-vos andar ledo
Autor: Airas Perez Vuitoron",escarnho,"-5,849001","43,37",
Exarafe,"Cantiga: Tanto sei de vs, ricomen: pois fordes na alcaria
Autor: Alfonso X o Sabio",escarnho,"-6,275927","37,356546",
Faria,"Cantiga: Se m' ora Deus gran ben fazer quisesse
Autor: Johan Garcia de Guilhade",amor,"-8,68","41,5",
Faria,"Cantiga: Cuydou-s' amor que logo me faria
Autor: Johan Garcia de Guilhade",amor,"-8,7","41,5",
Faria,"Cantiga: Á lealdade da Bezerra que pela Beira muito anda
Autor: Airas Perez Vuitoron",escarnho,"-8,6717","41,4801",
Fariza,"Cantiga: Os d' Aragon, que soen donear
Autor: Caldeiron",escarnho,"-2,058076","41,311411",
França,"Cantiga: Pero Coelho é deitado
Autor: Men Rodriguez de Briteiros",escarnho-preto,"2,2","46,2157467",
Gaia,"Cantiga: A por que perço o dormir
Autor: Johan Airas, burgués de Santiago",amor,"-8,6","41,1",
Gaia,"Cantiga: Pois non ei de Dona Elvira
Autor: Anónimo",amor,"-8,614088","41,125114",
Galisteu,"Cantiga: Pero non fui a Ultramar
Autor: Martin Soarez",escarnho,"-6,2664","39,9771",
Galiza,"Cantiga: A mj quer mal o infançon
Autor: Lopo Lias",escarnho-preto,"-8,01","42,7999285",
Galiza,"Cantiga: Os d' Aragon, que soen donear
Autor: Caldeiron",escarnho-preto,"-7,8833","42,75",
Geen,"Cantiga: Pero da Ponte, ou eu non vejo ben
Autor: Afons' Eanes do Coton",escarnho,"-3,7871","37,7664",
Geén,"Topónimo actual: Jaén
Cantiga: Ay, Santiago, padrón sabido
Autor: Pai Gomez Charinho",amor,"-3,8","37,7697",
Graada,"Topónimo actual: Granada
Cantiga: Meu senhor, direi-vos ora
Autor: Pero Gomez Barroso",escarnho,"-3,592","37,2",
Graada,"Cantiga: O que foi passar a serra
Autor: Alfonso X o Sabio",escarnho,"-3,5973","37,1771",
Granada,"Cantiga: Rogo-te, ay Amor, que queyras migo morar
Autor: Roi Martinz do Casal",amigo,"-3,592","37,1809",
Granada,"Cantiga: Muit' ei, ai Amor, que te gradescer
Autor: Roi Martinz do Casal",amigo,"-3,6","37,2",
Guarda,"Cantiga: Ai eu coitada como vivo en gran cuidado
Autor: Alfonso X o Sabio",amigo,"-7,265788","40,560893",
Ierusalen,"Cantiga: Joan Fernández, o mund' é torvado
Autor: Johan Soarez Coelho",escarnho,"35,22","31,7",
Iherusalen,"Topónimo actual: Xerusalén
Cantiga: Quen mh' ora quysesse cruzar
Autor: Pedr' Amigo de Sevilha",escarnho,"35,2166","31,783333",
Iherusalen,"Cantiga: Marinha Mejouchi, Pero d' Anbroa
Autor: Pedr' Amigo de Sevilha",escarnho,"35,2166","31,8",
Iherusalen,"Topónimo actual: Xerusalén
Cantiga: Joham Baveca e Pero d' Anbra
Autor: Pedr' Amigo de Sevilha",escarnho,"35,21","31,79",
Jaen,"Cantiga: Un infanon mi  convidado
Autor: Nunes",escarnho,"-3,7888","37,7797",
Jaén,"Cantiga: Pedr' Amigo, quero de vós saber
Autor: Vasco Perez Pardal",escarnho,"-3,7888","37,7697",
Jelusalen,"Cantiga: Senhor, justia viimos pedir
Autor: Alfonso X o Sabio",escarnho,"35,2134","31,7671",
Jerusalen,"Cantiga: Pero non fui a Ultramar
Autor: Martin Soarez",escarnho,"35,22","31,783333",
Jordan,"Cantiga: Pero d' Anbroa prometeu de pram
Autor: Johan Baveca",escarnho-preto,"35,5674","32,4952",
Josafás,"Cantiga: Paai Rengel e outros dous romeus
Autor: Afons' Eanes do Coton",escarnho,"-4,66334","41,925081",
Julhan,"Talvez San Xulián da Veiga
Cantiga: Do meu amig', a que eu quero ben
Autor: Pero de Veer (Ver)",amigo-duvidoso,"-7,4429","42,8689",
Julhan,"Talvez San Xulián da Veiga
Cantiga: Ai Deus, que doo que eu de mi ei
Autor: Pero de Veer (Ver)",amigo-duvidoso,"-7,4429","42,89",
Juncal ?,"Cantiga: Lourenço, pois te quitas de rascar
Autor: Johan Garcia de Guilhade",escarnho,"-8,9011","39,6018",
Lagares -Dúvida,"Copiado dos portugueses: Eventualmente, Lagares da Beira, povoação do concelho de Oliveira do Hospital, 
Beira Alta, próxima do mosteiro do Lorvão (e da atual barragem da Aguieira); mas existem igualmente duas 
outras povoações homónimas, uma em Felgueiras e outra em Penafiel 
Cantiga: Nostro Senhor, que ben alberguey
Autor: Pero Garcia Burgalês",escarnho,"-7,8621","40,4016",
Lampai,"Cantiga: A por que perço o dormir
Autor: Johan Airas, burgués de Santiago",amor,"-8,614565","42,779386",
Lemos,"Cantiga: Tercer dia ante Natal
Autor: Lopo Lias",escarnho,"-7,49","42,5623152",
Leira,"Cantiga: Disse-m' oj' assi un ome
Autor: Estevan da Guarda",escarnho,"-8,808362","39,756041",
Leirea,"Cantiga: Un sangrador de Leirea
Autor: Men Rodriguez de Briteiros",escarnho,"-8,8","39,7545",
Leirea,"Cantiga: Á lealdade da Bezerra que pela Beira muito anda
Autor: Airas Perez Vuitoron",escarnho,"-8,8087","39,7",
Leirea,"Cantiga: O arraiz de Ro Garcia
Autor: Afonso Mendez de Besteiros",escarnho,"-8,8087","39,7545",
Leon,"Cantiga: Rui Martĩiz, pois que est' é assi
Autor: Johan Airas, burgués de Santiago",menores,"-5,5669","42,59",
Leon,"Cantiga: Andei, senhor, Leon e Castela
Autor: Johan Airas, burgués de Santiago",amor,"-5,58","42,5988",
Leon,"Cantiga: Ai Justia, mal fazedes que non
Autor: Johan Airas, burgués de Santiago",escarnho,"-5,57","42,6",
Leon,"Cantiga: Os namorados que troban d' amor
Autor: Johan, jograr morador en León",menores,"-5,5669","42,58",
Leon,"Cantiga: Joan Nicolás soube guarecer
Autor: Airas Perez Vuitoron",escarnho,"-5,5669","42,5988",
Leon,"Cantiga: Desfiar enviaron ora de Tudela
Autor: Airas Nunez",escarnho,"-5,5669","42,5988",
Leon,"Cantiga: J lhi nunca pediran
Autor: Afonso Mendez de Besteiros",escarnho,"-5,5669","42,5988",
Leon,"Cantiga: Veeron-m' agora dizer
Autor: Afons' Eanes do Coton",amor,"-5,5669","42,5988",
Leon,"Cantiga: Que muyto mi de Fernan Diaz praz
Autor: Pero Garcia Burgalês",escarnho,"-5,566","42,6",
Leon,"Cantiga: Ena primeira rua que cheguemos
Autor: Martin Anes Marinho",escarnho,"-5,6","42,6",
Leon,"Cantiga: A mj quer mal o infançon
Autor: Lopo Lias",escarnho,"-5,7","42,6",
Leone,"Cantiga: Ai, amor, amore de Pero Cantone
Autor: Fernan Soarez de Quinhones",escarnho,"-5,5669","42,5988",
Libira,"Cantiga: Don Gonalo, pois queredes ir daqui pera Sevilha
Autor: Alfonso X o Sabio",escarnho,"-3,6008","37,178",
Lisboa,"Cantiga: Don Estêvan fezo sa partiçon
Autor: Johan Soarez Coelho",escarnho,"-9,17","38,7",
Lisboa,"Cantiga: Disse-m' oj' assi un ome
Autor: Estevan da Guarda",escarnho,"-9,1666","38,7166",
Lisboa,"Cantiga: Luis Vaasquez, depois que parti
Autor: Alvaro Afonso",menores,"-9,1666","38,7166",
Lixboa,"Cantiga: Martim Vasquez, noutro dia
Autor: Pedro de Portugal, Conde de Barcelos",escarnho,"-9,1666","38,7166",
Lixboa,"Cantiga: En Lixboa sobre lo mar
Autor: Johan Zorro",amor,"-9,17","38,7166",
Lobatom,"Cantiga: A Lobatom quero eu ir
Autor: Pero Viviaez",amor,"-5,0252","41,6477",
Lombardia,"Cantiga: Joan Rodriguiz foi esmar a Balteira
Autor: Alfonso X o Sabio",escarnho-preto,"9,221203","45,517103",
Lombardia,"Cantiga: Desfiar enviaron ora de Tudela
Autor: Airas Nunez",escarnho-preto,"9,221203","45,517103",
Lora,"Cantiga: Don Foan, quand' ogano aqui chegou
Autor: Alfonso X o Sabio",escarnho,"-5,528356","37,655134",
Loulé,"Cantiga: Pero non fui a Ultramar
Autor: Martin Soarez",escarnho,"-8,0185","37,1371",
Lugo,"Cantiga: Loavan un dia, en Lugo, Elvira
Autor: Johan Romeu de Lugo",escarnho,"-7,5566","43,0133",
Lugo,"Cantiga: Que adubastes, amigo, al en Lug' u andastes
Autor: Fernand' Esquio",amigo,"-7,5566","43,0133",
Maia,"Cantiga: Pois non ei de Dona Elvira
Autor: Anónimo",amor,"-8,622344","41,231453",
Marialva,"Cantiga: Á lealdade da Bezerra que pela Beira muito anda
Autor: Airas Perez Vuitoron",escarnho,"-7,25972","40,967971",
Marselha,"Cantiga: Pero non fui a Ultramar
Autor: Martin Soarez",escarnho,"5,3831","43,2953",
Meca,"Cantiga: Pedr' Amigo, quero de vós saber
Autor: Vasco Perez Pardal",escarnho,"39,8261","21,4225",
Minho,"Cantiga: A por que perço o dormir
Autor: Johan Airas, burgués de Santiago",amor-preto,"-8,649881","42,034852",
Minho,"Cantiga: Disse-m' oj' assi un ome
Autor: Estevan da Guarda",escarnho-preto,"-8,649881","42,034852",
Moeda Velha,"Cantiga: Direi-vos ora que o dizer
Autor: Johan Vasquiz de Talaveira",escarnho,"-8,5437","42,8819",
Molide,"Cantiga: O meu señor, o bispo, na Redondela ũu dia
Autor: Airas Nunez",escarnho,"-8,015301","42,913959",
Mompiler,"Cantiga: Dizen que ora chegou don Beeito
Autor: Johan Airas, burgués de Santiago",escarnho,"3,8727","43,6086",
Mompisler,"Cantiga: Meestre Nicolás, a meu cuidar
Autor: Afons' Eanes do Coton",escarnho,"3,8727","43,6086",
Monpilier,"Cantiga: Pero d' Anbroa prometeu de pram
Autor: Johan Baveca",escarnho,"3,8727","43,6086",
Monpirller,"Topónimo actual: Montpellier
Cantiga: Quen mh' ora quysesse cruzar
Autor: Pedr' Amigo de Sevilha",escarnho,"3,88","43,611",
Monsanto,"Cantiga: Á lealdade da Bezerra que pela Beira muito anda
Autor: Airas Perez Vuitoron",escarnho,"-7,113673","40,04463",
Monte-mayor,"Cantiga: Tu, que ora vẽes de Monte-mayor
Autor: Gil Sanchez",amor,"-8,681797","40,178177",
Montpellier,"Cantiga: Sabedes vs: Meestre Nicolao
Autor: Pero Garcia d' Ambroa",escarnho,"3,8727","43,6086",
Monçonha,"Cantiga: Ena primeira rua que cheguemos
Autor: Martin Anes Marinho",escarnho,-,,
Monçón,"Cantiga: Ũa pregunta vos quero fazer
Autor: Pai Gomez Charinho",escarnho,"-8,4814","42,0787",
Mora,"Cantiga: Meu senhor, direi-vos ora
Autor: Pero Gomez Barroso",escarnho,"-3,7709","39,6861",
Mormoion,"Cantiga: Paai Rengel e outros dous romeus
Autor: Afons' Eanes do Coton",escarnho,"-4,790789","41,970217",
Morrazo,"Cantiga: Saben en Morraz' e en Salnês
Autor: Lopo Lias",escarnho-preto,"-8,73","42,3325",
Longos,"Cantiga: Seiaxi Don Belpelho en ũa sa maison,
Autor: Afonso Lopez de Baian",escarnho,"-8,36464","41,520479",
Mouron,"Cantiga: Amigas, eu oy dizer
Autor: Gonçal' Eanes do Vinhal",escarnho,"-5,455424","37,12169",
Muimenta,"Cantiga: Ogan', en Muimenta
Autor: Johan Soarez Somesso",escarnho,"-8,186398","42,330309",
Navarra,"Cantiga: Desfiar enviaron ora de Tudela
Autor: Airas Nunez",escarnho,"-8,186398","42,330309",
Nogueirol,"Cantiga: Pero non fui a Ultramar
Autor: Martin Soarez",escarnho-duvidoso,"-8,72","42,52",
Nogueyra,"Cantiga: Non est a de Nogueyra a freyra que m' en poder ten
Autor: Pedr' Eanes Solaz",amor-duvidoso,"-8,72","42,5166753",
Olide,"Cantiga: Quand' eu d' Olide sa
Autor: Pero da Ponte",escarnho,"-1,6508","42,4824",
Olmedo,"Cantiga: ""De longas vias, mui longas mentiras""
Autor: Nuno Fernandez (Torneol?)",escarnho,"-4,6831","41,2851",
Olmedo,"Cantiga: Ben sabedes, senhor Rei
Autor: Gil Perez Conde",escarnho,"-4,6831","41,2851",
Orgaz,"Cantiga: Joan Sorez, non poss' eu estar
Autor: Johan Perez d' Aboim",escarnho,"-3,878","39,6478",
Orzelhon,"Cantiga: Se m' el Rey dess' algo, i m' iria
Autor: Lopo Lias",escarnho,"-8,139275","42,429185",
Orzelhon,"Cantiga: Enmentar quer' eu do brial
Autor: Lopo Lias",escarnho,"-8,13","42,42",
Orzelhon,"Cantiga: A mj quer mal o infanon
Autor: Lopo Lias",escarnho,"-8,13","42,43",
Oscos,"Cantiga: Lop' Anaia non se vaia
Autor: Fernan Soarez de Quinhones",escarnho,"-6,991154","43,345099",
"Ourense (Ourens), referido con toda seguridade 
viño do Ribeiro.","Cantiga: Com' eu en dia de Pascoa queria ben comer
Autor: Alfonso X o Sabio",escarnho,"-7,862913","42,336015",
Ovedo,"Cantiga: Don Fernando, vejo-vos andar ledo
Autor: Airas Perez Vuitoron",escarnho,"-5,849001","43,364932",
Palença,"Cantiga: As mias jornadas vedes quaes son
Autor: Afons' Eanes do Coton",amor,"-4,528241","42,009486",
Pavia,"Cantiga: O que seja no pavio
Autor: Johan Fernandez d' Ardeleiro",escarnho,"-8,0276","38,9155",
Porto,"Cantiga: Pois non ei de Dona Elvira
Autor: Anónimo",amor,"-8,629234","41,160915",
Porto,"Cantiga: Do Port' ando e vou mudar
Autor: Fernand' Eanes",amor,"-8,629234","41,160915",
Portugal,"Cantiga: Rei Don Alfonso, se Deus vos pardon
Autor: Vasco Gil",escarnho-preto,"-7,85","39,557191",
Portugal,"Cantiga: Muytus a que Deus quis dar muy bon sen
Autor: Pero Goterrez, cavaleiro",amor-preto,"-7,9","39,557191",
Portugal,"Cantiga: Moir' eu aqui de dessoriam
Autor: Pero Gomez Barroso",amor-preto,"-7,85","39,56",
Portugal,"Cantiga: Johan Vaasquez, moiro por saber
Autor: Lourenço, jogral",escarnho-preto,"-7,85","39,53",
Portugal,"Cantiga: Ai amigas, perdud' an conhocer
Autor: Johan Garcia de Guilhade",amigo-preto,"-9,1666","38,7166",
Portugal,"Cantiga: A mi dizen quantos amigos ey
Autor: Johan Fernandez d' Ardeleiro",amor-preto,"-9,1666","38,7166",
Portugal,"Cantiga: O voss' amigo, que s' a cas d' el-rei
Autor: Johan Airas, burgués de Santiago",amigo-preto,"-9,1666","38,7166",
Portugal,"Cantiga: Meu senhor Rei de Castela
Autor: Johan Airas, burgués de Santiago",amor-preto,"-9,1666","38,7166",
Portugal,"Cantiga: Quen me podia defender
Autor: Gil Perez Conde",escarnho-preto,"-9,1666","38,7166",
Portugal,"Cantiga: Joan Rodriguiz foi esmar a Balteira
Autor: Alfonso X o Sabio",escarnho-preto,"-9,1666","38,7166",
Portugal,"Cantiga: J lhi nunca pediran
Autor: Afonso Mendez de Besteiros",escarnho-preto,"-9,1666","38,7166",
Portugal,"Cantiga: Don Foo, que eu sei que  preo de livo
Autor: Afonso Mendez de Besteiros",escarnho-preto,"-9,1666","38,7166",
Potugal,"Cantiga: Don Estvo diz que desamor
Autor: Airas Perez Vuitoron",escarnho-preto,"-9,1666","38,7166",
Redondela,"Cantiga: O meu señor, o bispo, na Redondela ũu dia
Autor: Airas Nunez",escarnho,"-8,609459","42,2834",
Rocamador,"Cantiga: Quand' eu hun dia fuy en Compostela
Autor: Pedr' Amigo de Sevilha",amor,"1,6238","44,8058",
Rocamador,"Cantiga: Pero non fui a Ultramar
Autor: Martin Soarez",escarnho,"1,6238","44,81",
Roda,"Possivelmente o município da província de Sevilha, 
que fazia fronteira com o reino muçulmano de Granada. Mas há igualmente outra 
localidade homónima, Roda de Eresma, na província de Segovia 
Cantiga: Maestr' Aceno, dereyto faria
Autor: Martin Moxa",escarnho-duvidoso,"-4,77916","37,2035084",
Roma,"Cantiga: Pedr' Amigo, quero de vs saber
Autor: Vasco Perez Pardal",escarnho,"12,5","41,9",
Roma,"Cantiga: Mort' é Don Martin Marcos, ¡ai, Deus! ¿se é verdade?
Autor: Pero da Ponte",escarnho,"12,55","41,95",
Roma,"Cantiga: Joan Fernández, o mund' é torvado
Autor: Johan Soarez Coelho",escarnho,"12,4","41,9",
Roma,"Cantiga: Se me graça fezesse este Papa de Roma!
Autor: Alfonso X o Sabio",escarnho,"12,5","41,9",
Roçavales,"Cantiga: Pero d' Anbroa prometeu de pram
Autor: Johan Baveca",escarnho,"-1,320136","43,009158",
Runa,"Cantiga: Don Estêvan fezo sa partiçon
Autor: Johan Soarez Coelho",escarnho,"-8,344792","-40,213169",
Sẽa,"Cantiga: Disse-m' oj' assi un ome
Autor: Estevan da Guarda",escarnho,"-7,68","0,424707",
Salnês,"Cantiga: Saben en Morraz' e en Salnês
Autor: Lopo Lias",escarnho-preto,"-8,7986","42,5089",
Sam Salvador,"Cantiga: Por Deus que vos non ps
Autor: Martin de Padrozelos (Pedrozelos)",amigo,"-8,143139","42,190524",
San Clemenç',"Cantiga: Des quando vos fostes d' aqui
Autor: Nuno Treez",amigo,"-8,75","42,341",
San Clemenço,"Cantiga: San Clemenço do mar
Autor: Nuno Treez",amigo,"-8,7537","42,3501",
San Clemenço,"Cantiga: Non vou eu a San Clemenço orar e faço gram razon
Autor: Nuno Treez",amigo,"-8,7537","42,36",
San Clemenço,"Cantiga: Estava m' en San Clemenço, u fora fazer oraçon
Autor: Nuno Treez",amigo,"-8,76","42,3501",
San Fagundo,"Topónimo actual: Sahagún
Cantiga: Pero d' Armea, quando composestes
Autor: Pero Garcia d' Ambroa",escarnho,"-5,0273","42,3712",
San Fagundo,"Topónimo actual: Sahagún
Cantiga: De Pero Bõo and' ora espantado
Autor: Pero Garcia d' Ambroa",escarnho,-5,"42,3712",
San Fagundo,"Topónimo actual: Sahagún
Cantiga: Fernan Daz  aqui, como vistes
Autor: Airas Perez Vuitoron",escarnho,"-5,030135","42,371079",
San Fagundo,"Topónimo actual: Sahagún
Cantiga: Don Fernando, vejo-vos andar ledo
Autor: Airas Perez Vuitoron",escarnho,"-5,030135","42,371079",
San Leuter - DÚVIDA,"Cantiga: Por Deus vos rogo, madre, que mi digades
Autor: Lopo, jogral",amigo-duvidoso,"-8,5471","42,8592",
San Mamede,"Cantiga: Fui eu, madr', a San Momed', u me cuidei
Autor: Johan de Cangas",amigo,"-8,6403","42,1916",
San Mamede,"Cantiga: En San Momed', u sabedes
Autor: Johan de Cangas",amigo,"-8,6403","42,1916",
San Mamede,"Cantiga: Amigo, se mi gran ben queredes
Autor: Johan de Cangas",amigo,"-8,6403","42,1916",
San Mamede do Mar,"Cantiga: Amigo, se mi gran ben queredes
Autor: Johan de Cangas",amigo,"-8,6403","42,1916",
San Martinho,"Cantiga: Direi-vos ora que o dizer
Autor: Johan Vasquiz de Talaveira",escarnho,"-8,5446","42,8819",
San Paayo,"Cantiga: Nostro Senhor, que ben alberguey
Autor: Pero Garcia Burgalês",escarnho,"-7,841","40,3529",
San Salvador,"Probabelmente se refire ao santuario de S. Salvador de Bastavales (concello de Brión) [Souto Cabo, José António (no prelo),
""In capella domini regis, in Ulixbona e outras nótulas trovadorescas"", in Actas del XIV Congreso de la Asociación Hispánica de
Literatura Medieval, Murcia, setembro de 2011.]
Cantiga: En outro dia en San Salvador
Autor: Sancho Sanchez, clérigo",amigo,"-8,6","42,8328596",
San Salvador,"Cantiga: Amig', avia queixume
Autor: Martin de Padrozelos (Pedrozelos)",amigo-duvidoso,"-7,31","42,7012555",
San Servando,"Cantiga: Hun dia vi mha senhor
Autor: Johan Servando",amor,"-8,021579","42,37985",
San Servando,"Cantiga: Trist' and' eu, velida, e ben vo-lo digo
Autor: Johan Servando",amigo,"-8,021579","42,37985",
San Servando,"Cantiga: Se meu amig' a San Servando for
Autor: Johan Servando",amigo,"-8,021579","42,37985",
San Servando,"Cantiga: Quand' eu a San Servando fui un dia daqui
Autor: Johan Servando",amigo,"-8,021579","42,37985",
San Servando,"Cantiga: Ora van a San Servando donas fazer romaria
Autor: Johan Servando",amigo,"-8,021579","42,37985",
San Servando,"Cantiga: O meu amigo, que me faz viver
Autor: Johan Servando",amigo,"-8,021579","42,37985",
San Servando,"Cantiga: Mia madre velida, e non me guardedes
Autor: Johan Servando",amigo,"-8,021579","42,37985",
San Servando,"Cantiga: Ir-se quer o meu amigo
Autor: Johan Servando",amigo,"-8,021579","42,37985",
San Servando,"Cantiga: Foi-s' agora meu amigu' e por en
Autor: Johan Servando",amigo,"-8,021579","42,37985",
San Servando,"Cantiga: Fui eu a San Servando por veer meu amigo
Autor: Johan Servando",amigo,"-8,021579","42,37985",
San Servando,"Cantiga: Filha, o que queredes ben
Autor: Johan Servando",amigo,"-8,021579","42,37985",
San Simion,"Cantiga: Seiam' eu na ermida de San Simion,
Autor: Mendinho",amigo,"-8,628757","42,307357",
San Simon de Val de Prados,"Cantiga: Pois nossas madres van a San Simon
Autor: Pero Viviaez",amigo,"-6,9619","41,5378",
San Treeçon,"Cantiga: Mal faç' eu velida, que ora non vou
Autor: Golparro",amigo,"-8,6394","42,0486",
Sanctaren,"Cantiga: Pero eu vejo aqui trobadores
Autor: Anónimo",amor,"-8,685","39,2369",
Sanhoane,"Cantiga: Pois non ei de Dona Elvira
Autor: Anónimo",amor,"-6,709254","41,343431",
Santa Maria,"Cantiga: Don Estev' Eanes, por Deus mandade
Autor: Estevan Fernandiz Barreto (Barreiro)",escarnho,"-8,686082","39,269409",
Santa Maria - DÚVIDA,"Cantiga: Do meu amig', a que eu quero ben
Autor: Pero de Veer (Ver)",amigo,"-7,3815","42,8727",
Santa Maria,"Cantiga: A Santa Maria fiz ir meu amigo
Autor: Pero de Veer (Ver)",amigo-duvidoso,"-7,4","42,8727",
Santa Maria das Leiras,"Cantiga: Ir quer' oj' eu, fremosa, de coraçon,
Autor: Afonso Lopez de Baian",amigo,"-8,8008","41,629",
Santa Maria das Leiras,"Cantiga: Dis[s]eronmi ũas novas de que m' é mui gran ben
Autor: Afonso Lopez de Baian",amigo,"-8,8008","41,629",
Santa Maria de Reça,"Cantiga: Quer' ir a Santa Maria de Reça, e, irmana, treides migo
Autor: Airas Paez, jograr",amigo,"-7,8991","42,3492",
Santa Maria de Reça,"Cantiga: Por vee-lo namorado que muit'  que eu non vi
Autor: Airas Paez, jograr",amigo,"-7,8991","42,3492",
Santa Maria do Faro,"Cantiga: Atender quer' eu mandado, que m' enviou meu amigo
Autor: Johan de Requeixo",amigo,"-7,8713","42,6345",
Santa Maria do Faro (Faro),"Cantiga: Pois vs, filha, queredes mui gran ben
Autor: Johan de Requeixo",amigo,"-7,8713","42,6345",
Santa Maria do Faro (Faro),"Cantiga: Fui eu, madr', en romaria a Faro con meu amigo
Autor: Johan de Requeixo",amigo,"-7,8713","42,6345",
Santa Maria do Faro (Faro),"Cantiga: Atender quer' eu mandado, que m' enviou meu amigo
Autor: Johan de Requeixo",amigo,"-7,8713","42,6345",
Santa Maria do Faro (Faro),"Cantiga: Amiga, quen oj' ouvesse
Autor: Johan de Requeixo",amigo,"-7,8713","42,6345",
Santa Maria do Faro (Faro),"Cantiga: A Far' un dia irei
Autor: Johan de Requeixo",amigo,"-7,8713","42,6345",
Santa Maria do Lago,"Cantiga: D' ir a Santa Maria do Lagu' ei gram sabor
Autor: Fernan do Lago",amigo,"-8,7326","42,57",
Santa Maria do Lago (Santa Maria),"Cantiga: D' ir a Santa Maria do Lagu' ei gram sabor
Autor: Fernan do Lago",amigo,"-8,7326","42,57",
Santarem,"Cantiga: Pero non fui a Ultramar
Autor: Martin Soarez",escarnho,"-8,695","39,2369",
Santaren,"Cantiga: Amigos, des que me parti
Autor: Anónimo",amor,"-8,69","39,2369",
Santaren,"Cantiga: A mais fremosa de quantas vejo
Autor: Anónimo",amor,"-8,685","39,24",
Santaren,"Cantiga: Don Estêvan fezo sa partiçon
Autor: Johan Soarez Coelho",escarnho,"-8,75","39,2369",
Santaren,"Cantiga: Don Estev' Eanes, por Deus mandade
Autor: Estevan Fernandiz Barreto (Barreiro)",escarnho,"-8,685","39,2369",
Santaren,"Cantiga: Don Estvo diz que desamor
Autor: Airas Perez Vuitoron",escarnho,"-8,685","39,2369",
Santaren,"Cantiga: Á lealdade da Bezerra que pela Beira muito anda
Autor: Airas Perez Vuitoron",escarnho,"-8,685","39,2369",
Santaren,"Cantiga: O arraiz de Ro Garcia
Autor: Afonso Mendez de Besteiros",escarnho,"-8,685","39,2369",
Santarén,"Cantiga: Joan Sorez, pero vs teedes
Autor: Airas Perez Vuitoron",escarnho,"-8,685","39,2369",
Santarén,"Cantiga: Elvira López, aqui, noutro dia
Autor: Johan Garcia de Guilhade",escarnho,"-8,685","39,2369",
Santiago,"Cantiga: Quem seu parente vendia,
Autor: Pero da Ponte",escarnho,"-8,5","42,9",
Santiago,"Cantiga: Que adubastes, amigo, al en Lug' u andastes
Autor: Fernand' Esquio",amigo,"-8,5446","42,8804",
Santiago,"Cantiga: Porque no mundo mengou a verdade
Autor: Airas Nunez",amigo,"-8,5446","42,8804",
Santiago,"Cantiga: A Santiagu' en romaria ven
Autor: Airas Nunez",amigo,"-8,5441","42,8806",
Santiago,"Cantiga: Por fazer romaria, pug' en meu coraon
Autor: Airas Carpancho (Corpancho)",amigo,"-8,5441","42,8806",
Santïago,"Cantiga: De Pero Bõo and' ora espantado
Autor: Pero Garcia d' Ambroa",escarnho,"-8,5","42,8802049",
Sar,"Cantiga: Pelo souto de Crecente
Autor: Johan Airas, burgués de Santiago",amigo,"-8,537","42,8719",
Sar,"Cantiga: Quand' eu hun dia fuy en Compostela
Autor: Pedr' Amigo de Sevilha",amor-preto,"-8,537","42,8719",
Segobha,"Cantiga: Cuydou-s' amor que logo me faria
Autor: Johan Garcia de Guilhade",amor,"-4,1101","40,9418",
Segóvia,"Cantiga: Dun tal ricome vos quero contar
Autor: Pero da Ponte",escarnho,"-4,1176","40,9478",
Seserigo,"Cantiga: Pero eu vejo aqui trobadores
Autor: Anónimo",amor,"-8,6397","39,2591",
Seserigo,"Cantiga: A mais fremosa de quantas vejo
Autor: Anónimo",amor,"-8,6397","39,26",
Sevilha,"Cantiga: Madre, quer' oj' eu ir veer
Autor: Roi Fernandiz, clérigo de Santiago",amigo,-6,"37,3833",
Sevilha,"Cantiga: O muy bon Rey, que conquis a fronteyra
Autor: Pero da Ponte",escarnho,"-5,99","37,3833",
Sevilha,"Cantiga: En este son de negrada farey hun cantar
Autor: Lopo Lias",escarnho,"-5,98","37,38",
Sevilha,"Cantiga: Lop' Anaia non se vaia
Autor: Fernan Soarez de Quinhones",escarnho,"-5,9833","37,3833",
Sevilha,"Cantiga: Don Gonalo, pois queredes ir daqui pera Sevilha
Autor: Alfonso X o Sabio",escarnho,"-5,9833","37,3833",
Sil,"Cantiga: Ogan', en Muimenta
Autor: Johan Soarez Somesso",escarnho-preto,"-7,648589","42,412541",
Sintra,"Cantiga: Á lealdade da Bezerra que pela Beira muito anda
Autor: Airas Perez Vuitoron",escarnho,"-9,384672","38,802065",
Somportes,"Cantiga: Pero non fui a Ultramar
Autor: Martin Soarez",escarnho,"-0,532","42,7993",
Sousa,"Cantiga: Meu senhor arcebispo, and' eu escomungado
Autor: Diego Pezelho",escarnho,"-8,314","41,3038",
Sousa,"Cantiga: Ala u jaz la Torona
Autor: Garcia Mendiz d' Eixo",amor,"-8,314","41,3038",
Sousela,"Cantiga: Pois boas donas son desemparadas
Autor: Martin Soarez",escarnho,"-8,183333","41,366667",
Souto Maior,"Cantiga: Don Meendo, Don Meendo
Autor: Alfonso X o Sabio",escarnho,"-8,570035","42,339083",
Soveral,"Cantiga: A dona fremosa do Soveral
Autor: Lopo Lias",escarnho,"-8,71273","42,385735",
Soveral,"Cantiga: A dona de Bagüyn
Autor: Lopo Lias",escarnho,"-8,72","42,39",
Ssan Felizes,"Topónimo actual: Saelices
Cantiga: Pero d' Armea, quando composestes
Autor: Pero Garcia d' Ambroa",escarnho,"-3,322","42,3867",
Stremadura,"Cantiga: Disse-m' oj' assi un ome
Autor: Estevan da Guarda",escarnho,"-6,338","38,947331",
Talaveira,"Cantiga: Don Foan, quand' ogano aqui chegou
Autor: Alfonso X o Sabio",escarnho,"-6,770186","38,876658",
Tamariz,"Cantiga: Paai Rengel e outros dous romeus
Autor: Afons' Eanes do Coton",escarnho,"-5,023858","41,976398",
Tarraçona,"Cantiga: Ora faz ost' o senhor de Navarra
Autor: Johan Soarez de Pávia",escarnho,"-1,7233","41,9044",
Todela,"Cantiga: Ora faz ost' o senhor de Navarra
Autor: Johan Soarez de Pávia",escarnho,"-1,6061","42,061",
Toledo,"Cantiga: Eu, en Toledo, sempr' ouço dizer
Autor: Pero da Ponte",escarnho,"-4,0286","39,8606",
Toledo,"Cantiga: ""De longas vias, mui longas mentiras""
Autor: Nuno Fernandez (Torneol?)",escarnho,-4,"39,8606",
Toledo,"Cantiga: Don Domingo Caorinha
Autor: Johan Servando",escarnho,"-4,0286","39,8606",
Toledo,"Cantiga: Joan Sorez, non poss' eu estar
Autor: Johan Perez d' Aboim",escarnho,"-4,0286","39,8606",
Toledo,"Cantiga: A meu amigo mandad' enviei
Autor: Johan Airas, burgués de Santiago",amigo,"-4,0286","39,8606",
Toledo,"Cantiga: Ben sabedes, senhor Rei
Autor: Gil Perez Conde",escarnho,"-4,0286","39,8606",
Toledo,"Cantiga: A a velha quis ora trobar
Autor: Afons' Eanes do Coton",escarnho,"-4,0286","39,8606",
Torona,"Cantiga: Ala u jaz la Torona
Autor: Garcia Mendiz d' Eixo",menores-preto,"-8,490196","42,21348",
Touro,"Cantiga: Meu senhor, direi-vos ora
Autor: Pero Gomez Barroso",escarnho,"-5,3911","41,527561",
Trancoso,"Cantiga: Á lealdade da Bezerra que pela Beira muito anda
Autor: Airas Perez Vuitoron",escarnho,"-7,349064","40,7804",
Trĩidade,"Cantiga: Don Estev' Eanes, por Deus mandade
Autor: Estevan Fernandiz Barreto (Barreiro)",escarnho,"-8,701043","39,235105",
Tudela,"Cantiga: Desfiar enviaron ora de Tudela
Autor: Airas Nunez",escarnho,"-1,612","42,0575453",
Uclés,"Topónimo actual: Ocrês
Cantiga: Chegou Paio de maas artes
Autor: Pero Mendiz da Fonseca",escarnho,"-2,8622","39,9819",
Ultramar,"Cantiga: Querri' agora fazer hun cantar
Autor: Pero Garcia d' Ambroa",escarnho-preto,"35,13","31,5947623",
Ultramar,"Cantiga: Fernam Diaz, este que and' aqui
Autor: Pero Garcia Burgalês",escarnho-preto,35,"31,5947623",
Ultramar,"Cantiga: Maria Pérez, a nossa cruzada
Autor: Pero da Ponte",escarnho-preto,"35,15","31,5947623",
Ultramar,"Cantiga: Quen mh' ora quysesse cruzar
Autor: Pedr' Amigo de Sevilha",escarnho-preto,"35,13","31,6",
Ultramar,"Cantiga: Marinha Mejouchi, Pero d' Anbra
Autor: Pedr' Amigo de Sevilha",escarnho-preto,"35,12","31,6",
Ultramar,"Cantiga: Sinner, us vein quer
Autor: Arnaldo (Arnaut Catalan?)",menores-preto,35,"31,6",
Ultramar,"Cantiga: Paai Rengel e outros dous romeus
Autor: Afons' Eanes do Coton",escarnho-preto,"35,12",32,
Ultramar,"Cantiga: Meestre Nicolás, a meu cuidar
Autor: Afons' Eanes do Coton",escarnho-preto,-N/A,,
Val de Canhas,"Cantiga: Don Rodrigo moordomo que ben pos al Rei a mesa
Autor: Alfonso X o Sabio",escarnho,"-4,187253","41,993163",
Valada,"Cantiga: Dũa gran vinha que ten en Valada
Autor: Estevan da Guarda",escarnho,"-8,761739","39,081376",
Valedolide,"Topónimo actual: Valladolid
Cantiga: ""De longas vias, mui longas mentiras""
Autor: Nuno Fernandez (Torneol?)",escarnho,"-4,7278","41,6523",
Valedolide,"Cantiga: O meu señor, o bispo, na Redondela ũu dia
Autor: Airas Nunez",escarnho,"-4,0286","39,8606",
Valença,"Cantiga: O que Valença conquereu
Autor: Pero da Ponte",escarnho,"-0,36","39,4077852",
Valongo,"Topónimo actual: San Martín de Balongo
Cantiga: Madr', enviou-vo-lo meu amigo
Autor: Martin de Padrozelos (Pedrozelos)",amigo,"-8,143139","42,2",
Valongo,"Cantiga: Ai meu amigo, coitada
Autor: Martin de Padrozelos (Pedrozelos)",amigo,"-8,143139","42,18",
Valongo (Valongu'),"Cantiga: Gran sazon á, meu amigo
Autor: Martin de Padrozelos (Pedrozelos)",amigo,"-8,15","42,190524",
Veiga,"Cantiga: O que foi passar a serra
Autor: Alfonso X o Sabio",escarnho,"-3,600443","37,177459",
Vig',"Cantiga: Mia irmana fremosa, treides comigo
Autor: Martin Codax",amor,"-8,721","42,23",
Vigo,"Cantiga: Quantas sabedes amar amigo
Autor: Martin Codax",amor,"-8,721","42,2403",
Vigo,"Cantiga: Ondas do mar de Vigo
Autor: Martin Codax",amor,"-8,7","42,2403",
Vigo,"Cantiga: Mia irmana fremosa, treides comigo
Autor: Martin Codax",amor,"-8,721","42,25",
Vigo,"Cantiga: Mandad' ei comigo
Autor: Martin Codax",amigo,"-8,71","42,2403",
Vigo,"Cantiga: Eno sagrado en Vigo
Autor: Martin Codax",amigo,"-8,73","42,2403",
Vigo,"Cantiga: Ai Deus, se sab' ora meu amigo
Autor: Martin Codax",amigo,"-8,73","42,25",
Vila Real,"Cantiga: Pero da Ponte, paro-vos sinal
Autor: Alfonso X o Sabio",escarnho,"-3,598383","37,177459",
Vilanansur de Ferreiros,"Cantiga: Ansur Moniz, muit' ouve gran pesar
Autor: Alfonso X o Sabio",escarnho,"-3,394561","42,307974",
Vilar de Paes,"Cantiga: Ansur Moniz, muit' ouve gran pesar
Autor: Alfonso X o Sabio",escarnho,"-6,748056","42,540306",
Viveyro,"Cantiga: Que muyto mi de Fernan Diaz praz
Autor: Pero Garcia Burgalês",escarnho,"-7,594","43,6612607",
del Poy,"Topónimo actual: Lo Puèg
Cantiga: Fernam Diaz, este que and' aqui
Autor: Pero Garcia Burgalês",escarnho,"0,0624","44,6586",
reino de Leon,"Cantiga: O que Balteira ora quer vingar
Autor: Pero Garcia d' Ambroa",escarnho-preto,"-5,577","42,6036056",
riba Sil,"Cantiga: Mester avia Don Gil
Autor: Alfonso X o Sabio",escarnho,"-7,302396","42,467545",
Ácri,"Topónimo actual: Acre
Cantiga: Pero d' Ambroa, se Deus mi pardon
Autor: Pero Gomez Barroso",escarnho,"35,0829","32,9339",
